answer_id,question,industry,sphere,agent_source,answer_content,score
1fb498ec-6257-4e31-88ab-48b1c9530dfe,Which Berlin VCs are actively investing in climatetech pre-seed rounds right now?,climatetech,B2B SaaS,champion_matcher,"Active Berlin-based climatetech investors at pre-seed: Vireo Ventures (dedicated climate fund), UVC Partners (deep tech including climate), and World Fund (Europe-wide but Berlin-headquartered, very active). Also look at Ecosummit Berlin — it is the best climatetech investor event in the city.",4.90
ea0e8901-6576-4c49-a493-8b6e491dc296,We are looking for a technical co-founder with a background in energy systems in Berlin. Where should we be searching?,climatetech,B2B SaaS,champion_matcher,"Best places to find energy systems talent in Berlin: TU Berlin Energy Engineering department (strong alumni network), Fraunhofer ISE alumni (many end up in Berlin startups), and the Renewables Networking Berlin Meetup. Post on Wellfound with Berlin as location and climate as sector.",4.80
e322e52c-1950-4e6a-b8e1-fbd31b87856d,Are there climatetech-specific grants or public funding programs available in Berlin or Brandenburg?,climatetech,B2B SaaS,champion_matcher,"Key programs: Exist Gründerstipendium (if you have university affiliation), ILB ProBrand in Brandenburg (up to €200k for innovative Brandenburg-based startups), and the European Innovation Council (EIC) Accelerator for deep climate tech. Also check BMWK funding calls — several are climate-specific.",4.80
a01abb15-b425-403e-8a18-ceabdbc97db1,Are there climatetech-specific grants or public funding programs available in Berlin or Brandenburg?,climatetech,B2B SaaS,champion_matcher,"From a tax angle: R&D tax credits (Forschungslagengesetz) are underused by Berlin startups. If your climate tech involves genuine R&D, you can claim 25% of R&D personnel costs back as a tax credit — up to €1M per year. Your Steuerberater must apply for this explicitly.",4.70
eb9b7d27-cd8f-46f2-8110-a35e7c497d4c,Which Berlin coworking spaces have a strong sustainability or climatetech community?,climatetech,B2B SaaS,champion_matcher,"Also look at Supermarkt Berlin in Wedding — it is a cooperative coworking space with a strong sustainability ethos and a community of freelancers, NGOs, and impact startups. Cheaper than The Delta and EUREF, good if budget is tight at pre-seed.",4.30
9e1353ab-1883-4c1e-b064-e60bc9ee46bc,We are looking for a technical co-founder with a background in energy systems in Berlin. Where should we be searching?,climatetech,B2B SaaS,mentor_matcher,"The Cleantech Hub Berlin at EUREF Campus in Schöneberg is specifically built for this. It houses energy and mobility startups and the community is tight — walk in, introduce yourself, and you will meet the right people within two visits.",4.90
80617694-15b7-4c55-8a87-bb232256ca85,Which Berlin coworking spaces have a strong sustainability or climatetech community?,climatetech,B2B SaaS,mentor_matcher,"EUREF Campus in Schöneberg is the best in Berlin for climatetech — it is a dedicated energy and mobility hub with Vattenfall, startups, and research institutions on site. The Delta in Mitte is strong for general tech and has a growing sustainability cluster. Both are worth a visit before committing.",4.90
0d7ac7f1-4b97-4b42-9993-fc5865d505a8,Which Berlin coworking spaces have a strong sustainability or climatetech community?,climatetech,B2B SaaS,mentor_matcher,"We tried three spaces before settling. The Delta won us over because the community is curated — they are selective about who joins, which means the quality of spontaneous conversations is high. For a climatetech team, the cross-pollination with other impact startups there is real.",4.70
95a2df8e-06ce-49ae-bc3c-df5b90fa0cb3,Which Berlin VCs are actively investing in climatetech pre-seed rounds right now?,climatetech,B2B SaaS,mentor_matcher,"Do not overlook corporate VCs: BASF Ventures, Vattenfall Ventures, and Bosch Ventures all have Berlin presence and write climate-relevant checks. Corporate VCs move slower but can bring pilot customers, which matters more than capital at pre-seed.",4.60
70085836-f26b-4a50-8af7-82d1d5716145,Are there climatetech-specific grants or public funding programs available in Berlin or Brandenburg?,climatetech,B2B SaaS,mentor_matcher,We combined Exist with a KfW Energy Efficiency grant for our hardware component. Stacking non-dilutive funding from multiple programs is legal and common — just make sure the use-of-funds do not overlap between applications.,4.50
2b4bdb23-2442-469e-afd3-31c01427aca6,Which Berlin VCs are actively investing in climatetech pre-seed rounds right now?,climatetech,B2B SaaS,mentor_matcher,"The Ecosummit conference in Berlin is where the serious climatetech investors show up. Apply to pitch there — even if you do not win, the hallway conversations with World Fund and Vireo are worth the trip.",4.50
f58807ca-fcb8-4de3-9de5-1e11c015d4df,We are looking for a technical co-founder with a background in energy systems in Berlin. Where should we be searching?,climatetech,B2B SaaS,mentor_matcher,Do not underestimate LinkedIn for this specific search. Filter for TU Berlin or HTW Berlin graduates with energy or electrical engineering backgrounds who are currently at startups — they are more likely to be open to a co-founder conversation than someone at Siemens Energy.,4.40
22218039-6cdf-4b52-8012-27dcc0112c00,What does a shareholder agreement need to cover for a two-founder GmbH?,deeptech,B2B SaaS,champion_matcher,"Essential clauses: vesting schedule with cliff, drag-along and tag-along rights, right of first refusal on share transfers, deadlock resolution mechanism, IP assignment (all work done for the company belongs to the company), and good/bad leaver provisions. Do not skip the deadlock clause — it is the one founders regret missing most.",5.00
0bebc86d-c72a-4d51-8241-6224efd611d9,How do I find product-market fit as a B2B deeptech startup with a long sales cycle?,deeptech,B2B SaaS,champion_matcher,"With long sales cycles, traditional PMF signals (retention, NPS) take too long to arrive. Instead, track leading indicators: do prospects urgently make time to see you? Do they introduce you to colleagues unprompted? Are they willing to pay even for a pilot? These signal real pull before revenue arrives.",4.90
014ad588-b9dc-4b75-a88a-7becfb9c419c,How do I build an investor pitch deck for a deeptech pre-seed round?,deeptech,B2B SaaS,champion_matcher,"Deeptech decks need one extra slide non-deeptech decks do not: a credibility slide. Show your teams technical background, any IP, publications, or patents. Investors need to believe you can build what you are describing before they care about the market. Keep it to 12 slides max.",4.90
0b4b1095-9680-46ae-a4d7-443e9b86b0b6,What is the Berlin startup networking scene like and where should I show up as a new founder?,deeptech,B2B SaaS,champion_matcher,"Do not go to networking events to pitch. Go to learn and help others. Berlin founders have a strong pay-it-forward culture — if you are generous with your knowledge and connections first, the right people will find you.",4.70
4fb02f66-fb34-4e3b-842b-2f1363da2315,What does a shareholder agreement need to cover for a two-founder GmbH?,deeptech,B2B SaaS,champion_matcher,Also add a non-compete and non-solicitation clause. It feels unnecessary on day one but matters enormously if a co-founder leaves and starts a competing company six months later.,4.70
fbf83f7c-58b5-4fcf-ac65-53311a3b7562,What does a shareholder agreement need to cover for a two-founder GmbH?,deeptech,B2B SaaS,mentor_matcher,"We skipped the deadlock resolution clause and spent six months in a standoff with no legal mechanism to resolve it. Cost us time, money, and almost the company. Do not skip it.",4.90
dc70c51c-7e77-4d8b-91ef-29c3db626886,How do I build an investor pitch deck for a deeptech pre-seed round?,deeptech,B2B SaaS,mentor_matcher,"The biggest mistake deeptech founders make is spending 8 slides on technology and 2 on business model. Flip it. Investors fund businesses, not research projects. Lead with the problem and market, then explain why your tech is the unfair advantage.",4.80
b2038a54-563d-4f97-9b30-d9f55bc647ac,What is the Berlin startup networking scene like and where should I show up as a new founder?,deeptech,B2B SaaS,mentor_matcher,"The Berlin scene is dense and surprisingly accessible. Key recurring events: Founders & Friends (monthly, 300+ people), Tech Open Air satellite events, and various vertical Stammtisch meetups. Show up consistently — Berlin rewards persistence over one-off appearances.",4.80
848f9be3-4e56-42f7-a92c-8b1a717bbde4,How do I find product-market fit as a B2B deeptech startup with a long sales cycle?,deeptech,B2B SaaS,mentor_matcher,"Run paid pilots, not free ones. Paying customers give honest feedback; free users are polite. Even €5k for a 3-month pilot validates willingness to pay and focuses the customer on outcomes.",4.80
6f408ffe-5fb5-4146-a400-546b348ecb9b,How do I find product-market fit as a B2B deeptech startup with a long sales cycle?,deeptech,B2B SaaS,mentor_matcher,Talk to 50 potential customers before you have a product. Map their current workflow in detail. PMF in deeptech is often about inserting yourself into an existing process rather than creating a new one.,4.60
1b86ffc6-53ae-4b26-8e27-0198e2943a1a,What is the Berlin startup networking scene like and where should I show up as a new founder?,deeptech,B2B SaaS,mentor_matcher,"Factory Berlin, Mindspace, and the Startup Night Berlin events are the highest-density founder gatherings. LinkedIn is surprisingly active in the Berlin scene too — post thoughtfully and people will reach out.",4.60
2e1c379e-2861-49a5-bc6e-870da584ad05,How do I build an investor pitch deck for a deeptech pre-seed round?,deeptech,B2B SaaS,mentor_matcher,"Get a demo in front of investors as early as possible — even a rough prototype. Deeptech is hard to evaluate from slides alone. A working demo, even limited, builds confidence faster than any deck.",4.50
0ba3ee98-66be-480d-80fd-a2c3b17f4fcd,We are a Polish-German founding team. Can we structure the GmbH with one founder registered in Poland?,edtech,B2C,champion_matcher,"Yes, a non-German EU citizen can be a GmbH shareholder and Geschäftsführer without restriction — EU freedom of establishment applies. Your Polish co-founder does not need to be registered in Germany as long as the GmbH itself has a German registered address. They will need a German tax ID (Steuer-ID) for the notary appointment.",5.00
23734f90-8d5c-4165-9a3f-d13eb1e8baf7,We need a part-time CFO or finance advisor for our Seed round preparation. How do founders in Berlin typically find fractional finance help?,edtech,B2C,champion_matcher,"Several Berlin-based fractional CFOs specifically serve pre-Seed and Seed startups: look at CFO Connect Berlin community and the Interim CFO listings on Heidrick & Struggles and Kienbaum. Budget €2,000–4,000 per month for a serious fractional CFO with VC round experience.",4.80
fe6565eb-f811-413c-bafa-31c93844b1c5,What are the best Berlin edtech communities or Stammtisch events for founders?,edtech,B2C,champion_matcher,"EdTech Berlin Meetup runs quarterly and is the most focused gathering for the sector. Also check out Startup Edu Berlin on Meetup.com and the Digital Learning Lab events run by the Berlin Senat — they bring together founders, teachers, and policy people in the same room.",4.60
8efaa34d-9321-4a91-baaa-1a129d6068af,We need a part-time CFO or finance advisor for our Seed round preparation. How do founders in Berlin typically find fractional finance help?,edtech,B2C,mentor_matcher,I used a fractional CFO for our Series A prep and it was one of the best investments we made. Find someone who has been through a German VC round specifically — the data room requirements and investor reporting standards in Germany differ from US or UK norms.,4.90
6bfe9428-e866-4cc8-9acf-821b2e28c1ba,Is Factory Berlin or The Delta better for a Seed-stage edtech team of 6 people?,edtech,B2C,mentor_matcher,"For a team of 6, The Delta is the better fit. Factory Berlin is great for networking but the office products for small teams are expensive and the space feels corporate at that size. The Delta offers dedicated team rooms, a curated community, and better value per desk for 4–8 person teams.",4.90
66c2e1f6-79bc-4c44-89ce-1fde885a7f9e,We are a Polish-German founding team. Can we structure the GmbH with one founder registered in Poland?,edtech,B2C,mentor_matcher,EU co-founders have it much easier than non-EU. The main practical issue is the notary appointment — your Polish co-founder needs to be physically present in Berlin or grant a notarised power of attorney (Vollmacht) to someone who can attend in their place.,4.80
8c448e03-191c-4e39-a337-f10407a3e603,Is Factory Berlin or The Delta better for a Seed-stage edtech team of 6 people?,edtech,B2C,mentor_matcher,We moved to The Delta after 6 months at a shared space and the productivity jump was immediate. Having a dedicated room your team owns changes the dynamic completely. The Delta also runs regular community events that surface useful connections without you having to go out of your way.,4.80
dee35dd4-90d8-4242-9ac1-5778747af831,We are a Polish-German founding team. Can we structure the GmbH with one founder registered in Poland?,edtech,B2C,mentor_matcher,"We had a similar situation with a Swedish co-founder. The Vollmacht route worked fine — your German co-founder can hold the power of attorney. Just make sure the Vollmacht is notarised in Poland with an Apostille, otherwise the Berlin notary will not accept it.",4.70
cd9a3f3b-32b3-456d-a82f-9861c654c0b5,What are the best Berlin edtech communities or Stammtisch events for founders?,edtech,B2C,mentor_matcher,"Join the Berlin EdTech WhatsApp group — ask in the EdTech Berlin Meetup for access. It is where the real conversations happen between events. More useful than any formal networking event for finding co-founders, pilots, and warm intros.",4.70
c4b137fa-a140-4ed1-ae7a-daf9893de5b4,Is Factory Berlin or The Delta better for a Seed-stage edtech team of 6 people?,edtech,B2C,mentor_matcher,"Do a trial week at both before deciding — both offer this. The vibe difference is real. Factory is buzzy and social; The Delta is more focused and operational. For a Seed team that needs to ship, The Delta wins.",4.60
2a944657-746f-40ed-9586-b074edbc66c1,We need a part-time CFO or finance advisor for our Seed round preparation. How do founders in Berlin typically find fractional finance help?,edtech,B2C,mentor_matcher,"Also ask your Steuerberater if they offer CFO-as-a-service — some Berlin startup-focused firms do. It is cheaper and they already know your books, which saves significant onboarding time.",4.50
ada2ca5f-9c19-4165-82a1-155abb6eb606,What are the best Berlin edtech communities or Stammtisch events for founders?,edtech,B2C,mentor_matcher,The healthtech and edtech communities overlap more than you would expect in Berlin — many founders move between both. Attending Female Founders events and Founders & Friends will get you in front of the right people even if the agenda is not edtech-specific.,4.40
c2ead8cf-da2f-41ee-80cd-01627fe562cb,How do I handle VAT as a SaaS company selling to both German and EU customers?,fintech,B2B,champion_matcher,For B2B SaaS: sales to German businesses are subject to 19% VAT. Sales to EU businesses with a valid VAT ID are zero-rated under the reverse charge mechanism. Sales to non-EU customers are generally outside scope. Register for the OSS (One Stop Shop) scheme if you sell to EU consumers.,5.00
909e1b7b-0982-4e2f-93d0-c1b14d4b992c,We are raising a pre-seed round. Should we use a SAFE note or a convertible loan in Germany?,fintech,B2B,champion_matcher,"In Germany, SAFEs are not yet as standardised as in the US. Most German investors prefer a Wandeldarlehen (convertible loan) as it fits better within GmbH law. That said, some Berlin angels now accept SAFEs — ask your specific investor which they prefer before spending money on legal docs.",4.90
5981891a-d86a-4b47-abb7-e14aa6e0d840,What should a cap table look like after a pre-seed round with two angels?,fintech,B2B,champion_matcher,"A healthy pre-seed cap table with two angels: founders retain 80–85%, angels take 10–15%, leave 5–10% for a future ESOP pool. If angels are taking more than 20% at pre-seed, that is too much dilution before product-market fit.",4.90
54222a0c-a1a9-4c8e-b4c6-deb865bd095d,What are the best angel investors in Berlin for fintech startups?,fintech,B2B,champion_matcher,Look at the FinLeap and Fintech Forum networks — many active angels come from there. Also check APX (Axel Springer + Porsche accelerator) and Cavalry Ventures for fintech pre-seed. LinkedIn is your friend — search for Berlin fintech operators who have had exits.,4.80
f67c6c03-8387-42f0-a08b-48ebbc610ed3,What should a cap table look like after a pre-seed round with two angels?,fintech,B2B,champion_matcher,Model it in a spreadsheet before you close — simulate what Series A dilution looks like from your current cap table. Founders who end up below 40% at Series A struggle to raise Series B. Work backwards from there.,4.80
42d661dc-66ef-4857-9212-1f01af2e1a31,We are raising a pre-seed round. Should we use a SAFE note or a convertible loan in Germany?,fintech,B2B,champion_matcher,"We used a convertible loan at pre-seed and it worked fine. Key terms to negotiate: valuation cap, discount rate (20% is standard), and maturity date. Keep it simple — a 4-page convertible loan is better than a 20-page one.",4.70
056ec334-c5e4-438d-8889-10b8f5016e1f,What are the best angel investors in Berlin for fintech startups?,fintech,B2B,mentor_matcher,"I can intro you to two Berlin fintech angels who are actively writing €25–50k checks. DM me. More broadly, the Berlin Fintech Stammtisch meetup is a great place to get warm intros organically.",4.90
ecc42501-39b4-465f-bd3a-27c63b0654b4,How do I handle VAT as a SaaS company selling to both German and EU customers?,fintech,B2B,mentor_matcher,This tripped us up early. Get your VAT ID (Umsatzsteuer-ID) immediately after GmbH formation — it takes 4–6 weeks and you cannot invoice EU customers correctly without it.,4.60
d3387dbe-fb89-4014-b131-29484ee70052,What should a cap table look like after a pre-seed round with two angels?,fintech,B2B,mentor_matcher,Use Ledgy or Carta to manage it from day one. Do not manage a cap table in a spreadsheet once you have external investors — errors are costly and hard to fix later.,4.50
1ec02d40-c488-458a-b6ec-6257ef12d04a,We are raising a pre-seed round. Should we use a SAFE note or a convertible loan in Germany?,fintech,B2B,mentor_matcher,I raised on a convertible loan as a newcomer founder. One practical tip: make sure the maturity date gives you enough runway to close your next round — 18 months minimum. Anything shorter creates pressure at the worst time.,4.50
6c2c8b35-2692-46e8-82e5-032d2e113a20,What are the best angel investors in Berlin for fintech startups?,fintech,B2B,mentor_matcher,"Do not underestimate operator angels — people who have built and sold fintech companies are often better than financial investors at pre-seed. They bring customers and intros, not just capital.",4.40
80f82943-58b9-4410-84a8-0a6d4605035f,How do I handle VAT as a SaaS company selling to both German and EU customers?,fintech,B2B,mentor_matcher,"Your invoicing software matters here. We use Lexoffice which handles EU VAT rules automatically. Whatever you use, make sure it can generate correct VAT reports for your Steuerberater.",4.30
6169fa29-cfc9-4931-8594-d9e0c3bdffdd,What does a typical ESOP pool look like for a Berlin GmbH at pre-seed and how is it structured legally?,future-of-work,B2B,champion_matcher,"Standard pre-seed ESOP pool for a Berlin GmbH: 10% of shares reserved as virtual options (VSOPs), not real shares. Real share-based ESOPs in a GmbH are expensive to administer due to notary requirements for every transfer. VSOPs are economically equivalent and far more practical — they are contractual rights, not actual GmbH shares.",5.00
cfba2eae-92a3-49e7-856a-61475d2f6a9f,What does a typical ESOP pool look like for a Berlin GmbH at pre-seed and how is it structured legally?,future-of-work,B2B,champion_matcher,"From a tax perspective: VSOPs are taxed as income at exercise (not grant), which is straightforward for employees. Real shares in a GmbH trigger a dry income problem — employees owe tax before they can sell. VSOPs avoid this entirely and are the Berlin startup standard.",4.90
d7965dc2-7bf7-4b57-9af0-76bbba6eae8f,We are hiring our first two employees and want to offer virtual shares (VSOPs). Which Berlin law firm handles this well?,future-of-work,B2B,champion_matcher,"For VSOP documentation in Berlin: Orrick, Taylor Wessing, and SMP (Startup-Minded Professionals) all have strong track records with GmbH virtual share programs. SMP is particularly founder-friendly on pricing and has a standardised VSOP template used by many Berlin startups.",4.90
c582909c-1f4b-4ba3-824c-b8f798249268,What Berlin investor events are worth attending in the second half of the year for a future-of-work B2B startup?,future-of-work,B2B,champion_matcher,"For H2 in Berlin: Bits & Pretzels (Munich but all Berlin VCs attend), Startup Night Berlin (October, 1,500+ people), and the EarlyBird VC annual gathering if you can get an invite. Also watch for the Berlin Demo Day run by Axel Springer Plug and Play in Q4.",4.70
0db30203-554b-492a-9968-1fb7c0ab9aeb,We are hiring our first two employees and want to offer virtual shares (VSOPs). Which Berlin law firm handles this well?,future-of-work,B2B,champion_matcher,Make sure your VSOP plan includes a good leaver / bad leaver distinction and a change-of-control clause. These are the two provisions that matter most when something actually happens — acquisition or departure. Many startup VSOP templates are weak on both.,4.60
69e9711e-7914-4952-b38f-5df6ae3df443,We are applying to Startup Nation Central and need a Berlin-side reference. How do we find the right intro?,future-of-work,B2B,champion_matcher,"The Israeli-German startup corridor is active in Berlin — the Israeli Embassy economic attaché is a good first contact. Also reach out to the German-Israeli Chamber of Commerce (AHK Israel) in Berlin, they facilitate exactly these kinds of introductions and move faster than going through Startup Nation Central directly.",4.60
3fa84c33-c07e-4175-a42f-53c49b322d86,What Berlin investor events are worth attending in the second half of the year for a future-of-work B2B startup?,future-of-work,B2B,mentor_matcher,"The best investor conversations in Berlin happen at small dinners, not big conferences. Ask your warm contacts to host or invite you to one — 12-person founder-investor dinners in Mitte or Prenzlauer Berg are where real relationships get built.",4.90
973fd8f1-0873-4c0c-9ff1-700797174c08,We are hiring our first two employees and want to offer virtual shares (VSOPs). Which Berlin law firm handles this well?,future-of-work,B2B,mentor_matcher,"We used SMP for our VSOP setup. Straightforward process, clear documentation, and they have a template that most Berlin investors and future acquirers will recognise. Do not try to DIY a VSOP — the tax and legal interaction is complex enough that lawyer fees are genuinely worth it.",4.80
b387584d-e6d0-4638-8313-723610133cdf,What does a typical ESOP pool look like for a Berlin GmbH at pre-seed and how is it structured legally?,future-of-work,B2B,mentor_matcher,"We used a 10% VSOP pool at pre-seed, expanded to 15% before Series A. Investors will expect to see the pool already created before they invest — do not leave it as a post-money discussion, it will cost you more dilution.",4.70
99bfb91c-874a-48ce-820a-a4dc5b38bbda,What Berlin investor events are worth attending in the second half of the year for a future-of-work B2B startup?,future-of-work,B2B,mentor_matcher,Tech Open Air (TOA) satellite events in the second half of the year are underrated for investor access — cheaper to attend than the main festival and the crowds are smaller. The side events around TOA week are where the real Berlin VC community shows up.,4.60
49993e1a-6cfd-432c-a9f1-e4f94acec68b,We are applying to Startup Nation Central and need a Berlin-side reference. How do we find the right intro?,future-of-work,B2B,mentor_matcher,LinkedIn is your best tool here. Search for Berlin-based founders or investors who have previously gone through Startup Nation Central programs — they are almost always willing to give a reference call. The community is tight and pay-it-forward oriented.,4.50
5f68dcac-9292-4627-b805-da752a3e1c19,We are applying to Startup Nation Central and need a Berlin-side reference. How do we find the right intro?,future-of-work,B2B,mentor_matcher,The German Accelerator has a Berlin office and strong Israeli connections. They run a specific German-Israeli track and can provide the reference you need while also opening doors on the Israeli investor side.,4.40
41614233-69b7-4c44-9835-f20ff2781589,What grants are available for healthtech startups in Berlin?,healthtech,B2C,champion_matcher,"Key ones: Exist Gründerstipendium (up to €150k, non-dilutive, needs university connection), Invest (BAFA, 20% cashback on angel investments), and ProFIT Berlin (IBB, up to €500k for innovative Berlin startups). Apply for Exist first if you have any university affiliation.",4.90
27f04249-728d-4295-810f-6b76c9fcea45,I am on a non-EU visa. Can I be a GmbH co-founder and geschäftsführer at the same time?,healthtech,B2C,champion_matcher,"Yes, you can be both shareholder and Geschäftsführer of a GmbH on a non-EU visa, but you will need to apply for a Niederlassungserlaubnis or a specific founder visa (Aufenthaltserlaubnis zur Ausübung einer selbständigen Tätigkeit). The Ausländerbehörde Berlin has a dedicated startup unit — book early, wait times are long.",4.90
ea2fd25f-8303-4690-b042-6e3df64abf6a,What Berlin accelerators are worth applying to for a healthtech pre-seed startup?,healthtech,B2C,champion_matcher,"For healthtech pre-seed: Flying Health (Berlin-based, healthtech specialist), Charité BIH Accelerator (academic/clinical connections), and APX for general pre-seed with a strong Berlin network. Flying Health is the most sector-relevant.",4.80
9a05f755-6e3e-4c76-a4ce-5c5b36c84412,How do we find our first B2C customers in Berlin without a marketing budget?,healthtech,B2C,champion_matcher,"Berlin is a great test market. Start with your immediate network, then expand via Facebook Groups, Reddit communities, and local Meetup groups relevant to your problem space. Offer free or heavily discounted early access in exchange for feedback and referrals.",4.70
6a86a93e-e269-4720-b353-834a6215c1d0,What grants are available for healthtech startups in Berlin?,healthtech,B2C,champion_matcher,From a tax perspective: grants are taxable income in Germany but you can offset them against R&D expenses. Make sure your Steuerberater tracks grant income separately from the start.,4.40
f7f8c0f3-b9f8-4d1e-9b1d-2b8a04bb4a11,I am on a non-EU visa. Can I be a GmbH co-founder and geschäftsführer at the same time?,healthtech,B2C,mentor_matcher,"I went through this exact process. Key tip: have your business plan, proof of funding, and GmbH formation documents ready before your Ausländerbehörde appointment. They will ask for all of it. The Make it in Germany website has a good checklist.",5.00
980794a1-28d1-4cc6-9837-bf34d58f1038,What Berlin accelerators are worth applying to for a healthtech pre-seed startup?,healthtech,B2C,mentor_matcher,We went through Flying Health. The clinical network access was the main value — they got us into 3 pilot hospitals in 6 months. The equity they take (typically 5–8%) is worth it at pre-seed if you need those connections.,4.90
f4ff4aa1-3f4d-4cca-a39f-5e02e9d2911d,What grants are available for healthtech startups in Berlin?,healthtech,B2C,mentor_matcher,"We got Exist and it funded our first year. The application is time-consuming but worth it. The key is framing your innovation clearly — the jury wants to see defensible technology, not just a better UX.",4.80
b708aac5-0769-4dc8-acf3-c54fc4e452bf,How do we find our first B2C customers in Berlin without a marketing budget?,healthtech,B2C,mentor_matcher,"We posted in Berlin expat Facebook groups and got our first 50 users that way. Also try local community boards (Kiez-level), university notice boards, and Instagram with Berlin-specific hashtags. Do things that do not scale at first.",4.60
1422bf58-f05c-41c6-866f-94ef7ac70eb5,I am on a non-EU visa. Can I be a GmbH co-founder and geschäftsführer at the same time?,healthtech,B2C,mentor_matcher,Also talk to a Rechtsanwalt specialising in immigration before your appointment — not just a startup lawyer. The visa question and the GmbH question are separate legal domains and you need someone who understands both.,4.60
0419cd67-57c1-46f1-ab8c-cf43899f3dd6,What Berlin accelerators are worth applying to for a healthtech pre-seed startup?,healthtech,B2C,mentor_matcher,Also look at grants before accelerators — Exist Gründerstipendium and Invest (BAFA) are non-dilutive and substantial. Many healthtech founders leave this money on the table by going straight to equity funding.,4.50
555907ac-d806-4c09-ae83-a4cc09124c22,How do we find our first B2C customers in Berlin without a marketing budget?,healthtech,B2C,mentor_matcher,"Talk to 20 potential customers before building anything else. Berlin has a culture of directness — people will give you honest feedback if you approach them genuinely. Offer a coffee, not a sales pitch.",4.40
87a2daa3-a763-4d2a-9422-dc014e4a5e18,How do I vet a technical co-founder before giving away equity?,marketplace,B2B,champion_matcher,"Run a paid trial project together for 4–6 weeks before discussing equity. Evaluate: code quality, communication under pressure, how they handle disagreement, and whether they can ship independently. References from past colleagues are more valuable than any interview.",4.90
528695da-cdca-427e-b09e-ddbe01ef8cc8,We need to hire our first engineer. Should we hire a contractor or a full-time employee in Germany?,marketplace,B2B,champion_matcher,"In Germany, the risk of Scheinselbständigkeit (false self-employment) is real — if a contractor works exclusively for you, on your equipment, following your hours, the Finanzamt can reclassify them as an employee and back-charge all social contributions. For a core early engineer, full-time employment is cleaner and signals commitment.",4.90
50a946fc-3f0a-481d-8783-c20c9963ee30,What is a fair equity split between two co-founders at pre-seed?,marketplace,B2B,champion_matcher,"50/50 is the simplest and often the best for equal co-founders — it signals trust and avoids resentment. If contributions are unequal, use a vesting schedule (4 years, 1-year cliff) to protect both parties rather than an unequal split. Never start without a vesting agreement.",4.80
581afdd8-6db9-4f5d-8b63-e35262c82029,What is a fair equity split between two co-founders at pre-seed?,marketplace,B2B,champion_matcher,"Investors prefer equal or near-equal splits at pre-seed — big imbalances (e.g. 70/30) raise questions about co-founder alignment. If you go unequal, be ready to explain your reasoning clearly in every investor conversation.",4.70
b23a0697-68b1-4f1c-a010-89513807bd31,We need to hire our first engineer. Should we hire a contractor or a full-time employee in Germany?,marketplace,B2B,champion_matcher,"If you do go the contractor route short-term, have your Steuerberater review the contract. Multiple clients, own equipment, and flexible hours are the key factors that support genuine self-employment status.",4.50
0dacf294-2409-4b64-9b48-fad44c33f668,Which coworking spaces in Berlin are best for early-stage B2B startups?,marketplace,B2B,champion_matcher,Also consider startup-specific offices in your industry vertical — some healthtech and fintech hubs offer dedicated spaces with curated neighbours. The serendipity of sitting next to a potential customer or partner is underrated.,4.30
f9c6bb1c-4e74-4dd7-b009-01bd1653bbd1,What is a fair equity split between two co-founders at pre-seed?,marketplace,B2B,mentor_matcher,The split matters less than the vesting terms and the co-founder agreement. I have seen 50/50 partnerships fail because there was no buyout mechanism and 60/40 partnerships thrive because everything was documented. Get the agreement done before you need it.,4.90
32a60a60-58e0-43d3-9ba2-253aee3da016,Which coworking spaces in Berlin are best for early-stage B2B startups?,marketplace,B2B,mentor_matcher,"Factory Berlin is where deals get done. The hallway conversations are worth the premium. If budget is tight, get a part-time membership and show up on Tuesdays and Thursdays when it is busiest.",4.80
c7511f48-3e9e-4cf2-a3d1-5bf535da0929,We need to hire our first engineer. Should we hire a contractor or a full-time employee in Germany?,marketplace,B2B,mentor_matcher,"We hired contractors first and had to convert two of them later — painful and expensive. If you want someone for more than 6 months and they are working primarily for you, just hire them. The legal risk of misclassification in Germany is not worth it.",4.80
ede949a1-417f-4d78-a725-6530c6d89c79,Which coworking spaces in Berlin are best for early-stage B2B startups?,marketplace,B2B,mentor_matcher,For B2B startups: Factory Berlin (Mitte and Görlitzer Park) has the strongest startup community and investor foot traffic. WeWork Kudamm is polished but corporate. Ahoy Berlin in Wedding is cheaper and more technical. Mindspace Moritzplatz is a good middle ground.,4.70
b69faf76-4bce-40d1-b037-a254415a3f92,How do I vet a technical co-founder before giving away equity?,marketplace,B2B,mentor_matcher,The trial project is the only real filter. Also assess culture fit — you will spend more time with this person than with anyone else. Technical skills can be tested; values and work ethic are harder to fake over 6 weeks.,4.70
9b171859-698a-4902-9be6-6bd9cfc446fc,How do I vet a technical co-founder before giving away equity?,marketplace,B2B,mentor_matcher,"Talk to people they have worked with before — not references they give you, but people you find yourself via LinkedIn. Ask specifically: would you work with this person again? The answer tells you everything.",4.60
9de8bba4-3f76-40a4-bc34-79c0062d7fc9,Which Berlin mobility or smart city accelerators are worth applying to for a Seed-stage startup?,mobility,B2B,champion_matcher,"Strongly recommend: Urban Innovation Hub Berlin (run in partnership with the Senate), Siemens Mobility Accelerator, and the BVG Labs innovation program. For Seed stage specifically, Urban Innovation Hub is the most relevant — they connect you directly with Berlin public infrastructure clients.",4.80
e088f61d-fc4f-40bc-9b58-a52bdd227b3c,We need to register a company vehicle in Berlin for our hardware prototype. What is the fastest way to do this as a GmbH?,mobility,B2B,champion_matcher,"From a tax perspective: a GmbH company vehicle is fully deductible but triggers a 1% rule for private use by the Geschäftsführer unless you keep a detailed Fahrtenbuch (mileage log). For a prototype vehicle used purely for testing, document every trip from day one.",4.80
dae217cf-02d8-4d47-a710-9eaf840d48d6,Are there good hardware-friendly maker spaces or labs in Berlin for mobility startups doing prototype testing?,mobility,B2B,champion_matcher,"Best options for hardware prototyping in Berlin: Fab Lab Berlin in Prenzlauer Berg (open access CNC, laser cutting, electronics), Berlin Makerspace in Kreuzberg (community-run, strong mechanical engineering crowd), and the TU Berlin workshops (accessible to affiliated startups via Exist program).",4.80
c4a9daf8-a25c-45a4-9f6c-a6c340f67b66,We need to register a company vehicle in Berlin for our hardware prototype. What is the fastest way to do this as a GmbH?,mobility,B2B,champion_matcher,"Register at the Kfz-Zulassungsstelle Berlin — there are locations in Tempelhof and Pankow. You need your GmbH Handelsregisterauszug, the vehicle documents, proof of insurance (eVB number), and a SEPA mandate for vehicle tax. Online appointment booking is available but slots go fast — book 2 weeks ahead.",4.70
9bc08eb9-93d9-4e3a-8904-d6dfe80ac2b4,"What Berlin networking events bring together mobility founders, corporates like BVG or Siemens, and investors in the same room?",mobility,B2B,champion_matcher,"For warm introductions to BVG and Siemens specifically, the Urban Innovation Hub Berlin team can facilitate directly — they have standing relationships with both. A warm intro from them moves 10x faster than cold outreach from a conference.",4.60
666ab1ab-836d-4288-8f13-6ea4aacb6acf,Which Berlin mobility or smart city accelerators are worth applying to for a Seed-stage startup?,mobility,B2B,mentor_matcher,"The EUREF Campus in Schöneberg is the physical hub of Berlin mobility innovation. BMW, Siemens, and multiple mobility startups are based there. Even without an accelerator program, getting a desk at EUREF puts you in daily contact with the right corporates and co-investors.",4.90
19698399-5b93-43c8-9ecf-0209c8a831eb,Are there good hardware-friendly maker spaces or labs in Berlin for mobility startups doing prototype testing?,mobility,B2B,mentor_matcher,EUREF Campus has dedicated lab and workshop space for mobility and energy hardware startups — worth applying for residency even if you are not in their accelerator program. The shared equipment and the proximity to Siemens and BMW engineers on campus is a genuine advantage.,4.90
7f451e8d-cafc-4ef3-84a6-b3d9ea398222,"What Berlin networking events bring together mobility founders, corporates like BVG or Siemens, and investors in the same room?",mobility,B2B,mentor_matcher,"The BVG Innovation Night (quarterly, Berlin) consistently brings together BVG procurement, Siemens mobility teams, and startup founders in the same room. Also watch for the ITS Berlin events and the Urban Mobility Summit — both attract the exact mix of corporates and investors you need.",4.80
370e7626-3088-48ba-b4e3-5cee652de727,"What Berlin networking events bring together mobility founders, corporates like BVG or Siemens, and investors in the same room?",mobility,B2B,mentor_matcher,"The EUREF Campus open days are underrated for this. They happen 3–4 times a year and corporate partners like Deutsche Bahn, BMW, and Siemens send real decision-makers, not just comms people. Much better signal-to-noise than a big conference.",4.70
5a18a7fc-e1f5-45df-bb4f-460dffb47a61,Are there good hardware-friendly maker spaces or labs in Berlin for mobility startups doing prototype testing?,mobility,B2B,mentor_matcher,We used Fab Lab Berlin for early prototyping. The community is helpful and the equipment is well-maintained. Book time slots in advance — the laser cutters and CNC machines are heavily booked on weekends. Weekday mornings are the sweet spot.,4.60
6cbf672b-b019-4021-aca5-c40fd5ce4e4e,Which Berlin mobility or smart city accelerators are worth applying to for a Seed-stage startup?,mobility,B2B,mentor_matcher,Also look at Techstars Berlin — they run a mobility-adjacent cohort and have strong corporate partner connections including Deutsche Bahn. The €120k investment is standard Techstars and the network access is worth the 6% equity for a Seed-stage team.,4.50
e83e6084-33d3-4d88-9e96-9b82d68368a7,We need to register a company vehicle in Berlin for our hardware prototype. What is the fastest way to do this as a GmbH?,mobility,B2B,mentor_matcher,We registered two vehicles for our GmbH. The Tempelhof Zulassungsstelle is faster than Pankow in our experience. Go in person rather than using a service — it is straightforward for a GmbH and you save the €150 service fee.,4.50
e699e9dc-e6eb-4c52-87ab-d64d0e1e1edf,We are based in Neukölln and looking for a Steuerberater who understands startup equity and ESOP. Any recommendations in Berlin?,proptech,B2B,champion_matcher,"For ESOP and VSOP structuring specifically, I recommend Acconsis Berlin or WTS Advisory — both have dedicated startup practices that understand GmbH equity mechanics, not just standard Steuerberatung. Location does not matter much as everything runs remotely anyway.",4.90
7287129e-8479-4348-ad8c-23e40eeba0d1,What is the process for applying to the IBB Gründungskredit in Berlin and how long does it take?,proptech,B2B,champion_matcher,"The IBB Gründungskredit goes through your Hausbank, not directly through IBB. You apply at your bank (Deutsche Bank, Commerzbank, Sparkasse Berlin all work), they pass it to IBB. Budget 6–10 weeks. You need a business plan, financial projections, and proof of equity contribution. IBB covers up to €500k at favourable rates.",4.90
a4b382b3-3f7b-42fd-8aa3-e9baf0b211a2,Which Berlin notary has the shortest waiting times for GmbH formation right now?,proptech,B2B,champion_matcher,"Notariat Mitte on Französische Strasse and Notar Tobias Reuter in Charlottenburg are both known for relatively fast appointments — typically within a week if you call directly rather than booking online. Avoid notaries in Prenzlauer Berg right now, waiting times are 3–4 weeks.",4.80
381c7073-0b38-43d6-bd33-4d0b24e8267a,What is the process for applying to the IBB Gründungskredit in Berlin and how long does it take?,proptech,B2B,champion_matcher,"From a financial structuring perspective: the IBB loan counts as debt, not equity, so it does not dilute your cap table. Combine it with Exist or a BAFA Invest round for a non-dilutive funding stack that can carry you to a proper seed round.",4.60
f62b13db-889f-4800-8b6c-a1c92dc79b1a,Is the Berlin Senat startup support program Projekt Zukunft worth engaging with at pre-seed?,proptech,B2B,champion_matcher,"Projekt Zukunft is useful primarily for networking and visibility — they run events, connect you with the Berlin Senate, and can open doors to public procurement pilots. The direct funding is modest. Worth a conversation, especially if your startup has a Berlin-city-relevance angle.",4.50
25e71427-c786-4df6-af4e-68566df5abbd,What is the process for applying to the IBB Gründungskredit in Berlin and how long does it take?,proptech,B2B,mentor_matcher,"We went through Sparkasse Berlin. The relationship manager matters enormously — ask for one with Firmenkunden experience, not retail. The process took us 8 weeks from first meeting to approval. Have a clean GmbH bank account and 6 months of bookkeeping ready.",4.80
a5bcd359-4db4-4c7d-ac80-afa91088349b,We are based in Neukölln and looking for a Steuerberater who understands startup equity and ESOP. Any recommendations in Berlin?,proptech,B2B,mentor_matcher,"We use a Steuerberater from Mitte even though we are in Kreuzberg — it makes no difference. What matters is startup experience. Ask specifically: have you set up a VSOP pool for a GmbH before? If they hesitate, keep looking.",4.70
1d63f0a3-5a1e-42cc-af7d-eba46b7bc840,Is the Berlin Senat startup support program Projekt Zukunft worth engaging with at pre-seed?,proptech,B2B,mentor_matcher,"I engaged with them for a mobility pilot with BVG. The Senate connection was genuine and moved faster than expected. If you are doing anything in smart city, mobility, or urban tech, they are a real door-opener to the Berlin public sector.",4.70
4582376b-0102-4bc0-87f8-5d24f138c06e,Which Berlin notary has the shortest waiting times for GmbH formation right now?,proptech,B2B,mentor_matcher,"We got an appointment at Notariat Schöneberg within 5 days by calling first thing Monday morning and being flexible on time slots. Have all your documents ready in advance — the Musterprotokoll, shareholder list, and address proof — so you do not waste the slot.",4.60
bdba83a8-e1c4-4dbf-b8ea-6da8b4b7cbdf,Is the Berlin Senat startup support program Projekt Zukunft worth engaging with at pre-seed?,proptech,B2B,mentor_matcher,"At pure pre-seed with no product, the ROI of your time engaging with Projekt Zukunft is low. Come back to them once you have a working pilot or a live product — they will be more useful and you will have something to show.",4.40
c5250eaa-d01f-4cf3-b94b-f53f7e55e3ef,We are based in Neukölln and looking for a Steuerberater who understands startup equity and ESOP. Any recommendations in Berlin?,proptech,B2B,mentor_matcher,Heuking and Linklaters have startup teams in Berlin that handle the legal side of ESOPs. Your Steuerberater and your Anwalt need to work together on this — make sure both understand GmbH virtual share programs before you commit.,4.40
ac7f6e84-c7fa-49bf-b68d-4d9c54519aa1,Which Berlin notary has the shortest waiting times for GmbH formation right now?,proptech,B2B,mentor_matcher,Some Berlin startup lawyers have standing relationships with notaries and can get you in faster. Worth asking your Rechtsanwalt before cold-calling notaries yourself.,4.30
6ee302a2-636e-4a05-b2b5-45dce8dd7e2a,Which tax advisor in Berlin is good for VC-backed startups and handles DATEV?,saas,B2B SaaS,champion_matcher,"I recommend TaxPilot and Acconsis — both handle DATEV, payroll, and investor reporting for VC-backed startups. Pricing is typically €500–800 per month for early-stage. Avoid general Steuerberater who have no startup experience; they will slow you down at every funding round.",5.00
5bef6729-4f04-48eb-bf07-1b5bd77325ba,What is the fastest way to form a GmbH in Berlin as a non-German founder?,saas,B2B SaaS,champion_matcher,The fastest route is using a notary-certified Musterprotokoll (standard template) rather than a custom articles of association. This works well for up to 3 shareholders. Expect 2–4 weeks from notary appointment to entry in the Handelsregister. Use a Berlin notary that offers quick appointments — some can see you within 3 days.,4.90
48ceb170-996d-46f3-a793-e7d3988f8610,We are pre-seed and got our first term sheet. What should I watch out for before signing?,saas,B2B SaaS,champion_matcher,"At pre-seed the term sheet should be simple. If it is longer than 5 pages, ask why. Watch out for full-ratchet anti-dilution — it is very founder-unfriendly. Also check the drag-along provisions and whether they require unanimous consent.",4.90
748c9bf0-fc69-46e0-8799-7d4f70ef1f66,We are pre-seed and got our first term sheet. What should I watch out for before signing?,saas,B2B SaaS,champion_matcher,"Key things to scrutinise: liquidation preferences (1x non-participating is standard, anything above that is a red flag), pro-rata rights, anti-dilution clauses, and whether the investor gets a board seat. Have a startup lawyer review it — not a general corporate lawyer.",4.80
ce7d5b68-4bf2-412b-8621-fbb4ef3ea149,How do I set up payroll for my first two employees in Germany?,saas,B2B SaaS,champion_matcher,You need to register with the Finanzamt for payroll tax (Lohnsteuer) and with the relevant Krankenkasse for social security contributions. Your Steuerberater should handle this. Budget around 20–22% employer social contributions on top of gross salary.,4.70
a013476e-2bb9-4ab6-8f7b-1ea84bdab89b,Which tax advisor in Berlin is good for VC-backed startups and handles DATEV?,saas,B2B SaaS,mentor_matcher,"We use Awicontax. Very startup-friendly, responsive on Slack, and they handle everything from VAT filings to investor due diligence support. Clear communication and fast onboarding.",4.80
93ce2450-6110-4d56-8dad-dde13543d17c,What is the fastest way to form a GmbH in Berlin as a non-German founder?,saas,B2B SaaS,mentor_matcher,"We used a Musterprotokoll and it took us about 3 weeks end to end. The bottleneck is always the Handelsregister, not the notary. Make sure you have your €25,000 share capital ready in a business account before the notary appointment — many founders delay here.",4.70
edf652ff-d149-4378-b8f2-ce5397112336,How do I set up payroll for my first two employees in Germany?,saas,B2B SaaS,mentor_matcher,Do not forget the Berufsgenossenschaft registration — it is mandatory accident insurance and many founders miss it. Your Steuerberater should flag this but double-check.,4.60
9d228fc2-b027-49ff-b204-6026936cbad5,We are pre-seed and got our first term sheet. What should I watch out for before signing?,saas,B2B SaaS,mentor_matcher,"I have signed two term sheets. My biggest lesson: do not rush. Investors who pressure you to sign fast are a yellow flag. Take a week, talk to other founders who have worked with that investor, and get legal counsel.",4.60
d6cc0453-da4f-4392-a7e9-9bb0b0a56333,How do I set up payroll for my first two employees in Germany?,saas,B2B SaaS,mentor_matcher,"We used Personio for HR and our Steuerberater handled the actual payroll runs. For two employees, Personio is overkill — a simple spreadsheet and your tax advisor is enough at this stage.",4.40
387ad09c-8ce1-4739-a639-77bb58e190cc,Which tax advisor in Berlin is good for VC-backed startups and handles DATEV?,saas,B2B SaaS,mentor_matcher,"Also check out Founders Bay and Voldtax — both have strong startup practices in Berlin. Ask specifically whether they have handled a financing round before, and whether they can produce DATEV exports on request.",4.30
01297aa9-03c3-4f28-805e-6ed5adb3d7a1,What is the fastest way to form a GmbH in Berlin as a non-German founder?,saas,B2B SaaS,mentor_matcher,"If speed is critical, some founders operate as a GbR or UG first and convert later. But for VC-backed companies, investors will want a GmbH. I would go straight to GmbH with a notary who specialises in startups — they know the shortcuts.",4.20