type,question,name,role,industry,sphere,agent_source,content_preview,score
answer,Are there climatetech-specific grants or public funding programs available in Berlin or Brandenburg?,Marek Sliwinski,champion,climatetech,B2B SaaS,champion_matcher,"Key programs: Exist Gründerstipendium (if you have university affiliation), ILB ",4.80
answer,Are there climatetech-specific grants or public funding programs available in Berlin or Brandenburg?,Marek Sliwinski,champion,climatetech,B2B SaaS,champion_matcher,From a tax angle: R&D tax credits (Forschungslagengesetz) are underused by Berli,4.70
answer,Are there climatetech-specific grants or public funding programs available in Berlin or Brandenburg?,Hana Okafor,mentor,climatetech,B2B SaaS,mentor_matcher,We combined Exist with a KfW Energy Efficiency grant for our hardware component.,4.50
question,Are there climatetech-specific grants or public funding programs available in Berlin or Brandenburg?,Selin Arslan,founder,climatetech,B2B SaaS,null,Are there climatetech-specific grants or public funding programs available in Be,null
answer,"I keep getting invited to climate startup events in Berlin but they all feel like networking for networking's sake. Which events or communities in Berlin have actually led to real deals, pilots, or investor intros for climate founders?",Clara Müller-Hoffmann,mentor,climatetech,B2B SaaS,mentor_matcher,You are right to be selective. The events in Berlin that have consistently produ,4.80
answer,"I keep getting invited to climate startup events in Berlin but they all feel like networking for networking's sake. Which events or communities in Berlin have actually led to real deals, pilots, or investor intros for climate founders?",Maximilian Krause,founder,climatetech,B2B SaaS,mentor_matcher,Peer answer from a fellow climate founder: Clara's list is solid. I would add th,4.70
question,"I keep getting invited to climate startup events in Berlin but they all feel like networking for networking's sake. Which events or communities in Berlin have actually led to real deals, pilots, or investor intros for climate founders?",Selin Arslan,founder,climatetech,B2B SaaS,null,I keep getting invited to climate startup events in Berlin but they all feel lik,null
answer,We are looking for a technical co-founder with a background in energy systems in Berlin. Where should we be searching?,Erik Sandberg,mentor,climatetech,B2B SaaS,mentor_matcher,The Cleantech Hub Berlin at EUREF Campus in Schöneberg is specifically built for,4.90
answer,We are looking for a technical co-founder with a background in energy systems in Berlin. Where should we be searching?,Jonas Reuter,champion,climatetech,B2B SaaS,champion_matcher,Best places to find energy systems talent in Berlin: TU Berlin Energy Engineerin,4.80
answer,We are looking for a technical co-founder with a background in energy systems in Berlin. Where should we be searching?,Erik Sandberg,mentor,climatetech,B2B SaaS,mentor_matcher,"Do not underestimate LinkedIn for this specific search. Filter for TU Berlin or ",4.40
question,We are looking for a technical co-founder with a background in energy systems in Berlin. Where should we be searching?,Selin Arslan,founder,climatetech,B2B SaaS,null,We are looking for a technical co-founder with a background in energy systems in,null
answer,We are raising a €3M Seed for a carbon credit marketplace. VCs keep pushing back that the voluntary carbon market is 'too uncertain' right now. How do impact founders reframe the narrative to get past this objection without abandoning their mission positioning?,Stefan Krawczyk,mentor,climatetech,Impact / Marketplace,mentor_matcher,The VCs pushing back on voluntary carbon market uncertainty are not wrong — it i,4.90
answer,We are raising a €3M Seed for a carbon credit marketplace. VCs keep pushing back that the voluntary carbon market is 'too uncertain' right now. How do impact founders reframe the narrative to get past this objection without abandoning their mission positioning?,Priya Nandakumar,champion,climatetech,Impact / Marketplace,champion_matcher,Stefan's framing advice is right. On the investor side: stop targeting generalis,4.80
answer,We are raising a €3M Seed for a carbon credit marketplace. VCs keep pushing back that the voluntary carbon market is 'too uncertain' right now. How do impact founders reframe the narrative to get past this objection without abandoning their mission positioning?,Clara Müller-Hoffmann,mentor,climatetech,Impact / Marketplace,mentor_matcher,Adding a CSRD and ESG reporting lens to what Stefan and Priya said: the stronges,4.70
question,We are raising a €3M Seed for a carbon credit marketplace. VCs keep pushing back that the voluntary carbon market is 'too uncertain' right now. How do impact founders reframe the narrative to get past this objection without abandoning their mission positioning?,Maximilian Krause,founder,climatetech,Impact / Marketplace,null,We are raising a €3M Seed for a carbon credit marketplace. VCs keep pushing back,null
answer,Which Berlin coworking spaces have a strong sustainability or climatetech community?,Erik Sandberg,mentor,climatetech,B2B SaaS,mentor_matcher,EUREF Campus in Schöneberg is the best in Berlin for climatetech — it is a dedic,4.90
answer,Which Berlin coworking spaces have a strong sustainability or climatetech community?,Erik Sandberg,mentor,climatetech,B2B SaaS,mentor_matcher,We tried three spaces before settling. The Delta won us over because the communi,4.70
answer,Which Berlin coworking spaces have a strong sustainability or climatetech community?,Sofia Almeida,champion,climatetech,B2B SaaS,champion_matcher,"Also look at Supermarkt Berlin in Wedding — it is a cooperative coworking space ",4.30
question,Which Berlin coworking spaces have a strong sustainability or climatetech community?,Selin Arslan,founder,climatetech,B2B SaaS,null,Which Berlin coworking spaces have a strong sustainability or climatetech commun,null
answer,Which Berlin VCs are actively investing in climatetech pre-seed rounds right now?,Priya Nandakumar,champion,climatetech,B2B SaaS,champion_matcher,Active Berlin-based climatetech investors at pre-seed: Vireo Ventures (dedicated,4.90
answer,Which Berlin VCs are actively investing in climatetech pre-seed rounds right now?,Lukas Brandt,mentor,climatetech,B2B SaaS,mentor_matcher,"Do not overlook corporate VCs: BASF Ventures, Vattenfall Ventures, and Bosch Ven",4.60
answer,Which Berlin VCs are actively investing in climatetech pre-seed rounds right now?,Lukas Brandt,mentor,climatetech,B2B SaaS,mentor_matcher,The Ecosummit conference in Berlin is where the serious climatetech investors sh,4.50
question,Which Berlin VCs are actively investing in climatetech pre-seed rounds right now?,Selin Arslan,founder,climatetech,B2B SaaS,null,Which Berlin VCs are actively investing in climatetech pre-seed rounds right now,null
answer,How do I build an investor pitch deck for a deeptech pre-seed round?,Jonas Reuter,champion,deeptech,B2B SaaS,champion_matcher,Deeptech decks need one extra slide non-deeptech decks do not: a credibility sli,4.90
answer,How do I build an investor pitch deck for a deeptech pre-seed round?,Lukas Brandt,mentor,deeptech,B2B SaaS,mentor_matcher,The biggest mistake deeptech founders make is spending 8 slides on technology an,4.80
answer,How do I build an investor pitch deck for a deeptech pre-seed round?,Erik Sandberg,mentor,deeptech,B2B SaaS,mentor_matcher,"Get a demo in front of investors as early as possible — even a rough prototype. ",4.50
question,How do I build an investor pitch deck for a deeptech pre-seed round?,Lena Hartmann,founder,deeptech,B2B SaaS,null,How do I build an investor pitch deck for a deeptech pre-seed round?,null
answer,How do I find product-market fit as a B2B deeptech startup with a long sales cycle?,Sofia Almeida,champion,deeptech,B2B SaaS,champion_matcher,"With long sales cycles, traditional PMF signals (retention, NPS) take too long t",4.90
answer,How do I find product-market fit as a B2B deeptech startup with a long sales cycle?,Erik Sandberg,mentor,deeptech,B2B SaaS,mentor_matcher,"Run paid pilots, not free ones. Paying customers give honest feedback; free user",4.80
answer,How do I find product-market fit as a B2B deeptech startup with a long sales cycle?,Erik Sandberg,mentor,deeptech,B2B SaaS,mentor_matcher,Talk to 50 potential customers before you have a product. Map their current work,4.60
question,How do I find product-market fit as a B2B deeptech startup with a long sales cycle?,Lena Hartmann,founder,deeptech,B2B SaaS,null,How do I find product-market fit as a B2B deeptech startup with a long sales cyc,null
answer,I am spinning out of TU Berlin with a materials science IP and want to apply for EXIST-Forschungstransfer. Has anyone gone through the process via the TU Berlin Gründungsservice and can share what they wish they had known earlier?,Fatima Al-Rashid,mentor,deeptech,Hardware / Industrial,mentor_matcher,I went through EXIST-Forschungstransfer myself via TU Berlin and it took about 1,4.90
answer,I am spinning out of TU Berlin with a materials science IP and want to apply for EXIST-Forschungstransfer. Has anyone gone through the process via the TU Berlin Gründungsservice and can share what they wish they had known earlier?,Karin Wolff,champion,deeptech,Hardware / Industrial,champion_matcher,The EXIST process via TU Berlin is well-trodden but slow. A few practical additi,4.90
question,I am spinning out of TU Berlin with a materials science IP and want to apply for EXIST-Forschungstransfer. Has anyone gone through the process via the TU Berlin Gründungsservice and can share what they wish they had known earlier?,Lena Hartmann,founder,deeptech,Hardware / Industrial,null,I am spinning out of TU Berlin with a materials science IP and want to apply for,null
answer,What does a shareholder agreement need to cover for a two-founder GmbH?,Dr. Lena Vogt,champion,deeptech,B2B SaaS,champion_matcher,"Essential clauses: vesting schedule with cliff, drag-along and tag-along rights,",5.00
answer,What does a shareholder agreement need to cover for a two-founder GmbH?,Lukas Brandt,mentor,deeptech,B2B SaaS,mentor_matcher,We skipped the deadlock resolution clause and spent six months in a standoff wit,4.90
answer,What does a shareholder agreement need to cover for a two-founder GmbH?,Dr. Lena Vogt,champion,deeptech,B2B SaaS,champion_matcher,"Also add a non-compete and non-solicitation clause. It feels unnecessary on day ",4.70
question,What does a shareholder agreement need to cover for a two-founder GmbH?,Lena Hartmann,founder,deeptech,B2B SaaS,null,What does a shareholder agreement need to cover for a two-founder GmbH?,null
answer,What is the Berlin startup networking scene like and where should I show up as a new founder?,Erik Sandberg,mentor,deeptech,B2B SaaS,mentor_matcher,The Berlin scene is dense and surprisingly accessible. Key recurring events: Fou,4.80
answer,What is the Berlin startup networking scene like and where should I show up as a new founder?,Sofia Almeida,champion,deeptech,B2B SaaS,champion_matcher,Do not go to networking events to pitch. Go to learn and help others. Berlin fou,4.70
answer,What is the Berlin startup networking scene like and where should I show up as a new founder?,Lukas Brandt,mentor,deeptech,B2B SaaS,mentor_matcher,"Factory Berlin, Mindspace, and the Startup Night Berlin events are the highest-d",4.60
question,What is the Berlin startup networking scene like and where should I show up as a new founder?,Lena Hartmann,founder,deeptech,B2B SaaS,null,What is the Berlin startup networking scene like and where should I show up as a,null
answer,I am bootstrapped at €50K MRR and finally ready to hire my first full-time employee — a growth or customer success person. I have never hired before. What are the most important things first-time founder-employers in Germany get wrong in the first hire?,Amira Khalil,mentor,edtech,B2C / B2B HR,mentor_matcher,The most common first-hire mistakes I see from founder-employers in Germany: (1),4.90
answer,I am bootstrapped at €50K MRR and finally ready to hire my first full-time employee — a growth or customer success person. I have never hired before. What are the most important things first-time founder-employers in Germany get wrong in the first hire?,Jonas Reuter,champion,edtech,B2C / B2B HR,champion_matcher,Amira has the legal side right. From a hiring process angle: first-time founder-,4.70
question,I am bootstrapped at €50K MRR and finally ready to hire my first full-time employee — a growth or customer success person. I have never hired before. What are the most important things first-time founder-employers in Germany get wrong in the first hire?,Priya Nair,founder,edtech,B2C / B2B HR,null,I am bootstrapped at €50K MRR and finally ready to hire my first full-time emplo,null
answer,Is Factory Berlin or The Delta better for a Seed-stage edtech team of 6 people?,Lukas Brandt,mentor,edtech,B2C,mentor_matcher,"For a team of 6, The Delta is the better fit. Factory Berlin is great for networ",4.90
answer,Is Factory Berlin or The Delta better for a Seed-stage edtech team of 6 people?,Hana Okafor,mentor,edtech,B2C,mentor_matcher,We moved to The Delta after 6 months at a shared space and the productivity jump,4.80
answer,Is Factory Berlin or The Delta better for a Seed-stage edtech team of 6 people?,Lukas Brandt,mentor,edtech,B2C,mentor_matcher,Do a trial week at both before deciding — both offer this. The vibe difference i,4.60
question,Is Factory Berlin or The Delta better for a Seed-stage edtech team of 6 people?,Piotr Nowak,founder,edtech,B2C,null,Is Factory Berlin or The Delta better for a Seed-stage edtech team of 6 people?,null
answer,We are a Polish-German founding team. Can we structure the GmbH with one founder registered in Poland?,Dr. Lena Vogt,champion,edtech,B2C,champion_matcher,"Yes, a non-German EU citizen can be a GmbH shareholder and Geschäftsführer witho",5.00
answer,We are a Polish-German founding team. Can we structure the GmbH with one founder registered in Poland?,Yara Demir,mentor,edtech,B2C,mentor_matcher,"EU co-founders have it much easier than non-EU. The main practical issue is the ",4.80
answer,We are a Polish-German founding team. Can we structure the GmbH with one founder registered in Poland?,Tomas Berg,mentor,edtech,B2C,mentor_matcher,We had a similar situation with a Swedish co-founder. The Vollmacht route worked,4.70
question,We are a Polish-German founding team. Can we structure the GmbH with one founder registered in Poland?,Piotr Nowak,founder,edtech,B2C,null,We are a Polish-German founding team. Can we structure the GmbH with one founder,null
answer,We need a part-time CFO or finance advisor for our Seed round preparation. How do founders in Berlin typically find fractional finance help?,Dr. Lena Vogt,champion,edtech,B2C,champion_matcher,I used a fractional CFO for our Series A prep and it was one of the best investm,4.90
answer,We need a part-time CFO or finance advisor for our Seed round preparation. How do founders in Berlin typically find fractional finance help?,Marek Sliwinski,champion,edtech,B2C,champion_matcher,Several Berlin-based fractional CFOs specifically serve pre-Seed and Seed startu,4.80
answer,We need a part-time CFO or finance advisor for our Seed round preparation. How do founders in Berlin typically find fractional finance help?,Yara Demir,mentor,edtech,B2C,mentor_matcher,Also ask your Steuerberater if they offer CFO-as-a-service — some Berlin startup,4.50
question,We need a part-time CFO or finance advisor for our Seed round preparation. How do founders in Berlin typically find fractional finance help?,Piotr Nowak,founder,edtech,B2C,null,We need a part-time CFO or finance advisor for our Seed round preparation. How d,null
answer,What are the best Berlin edtech communities or Stammtisch events for founders?,Yara Demir,mentor,edtech,B2C,mentor_matcher,Join the Berlin EdTech WhatsApp group — ask in the EdTech Berlin Meetup for acce,4.70
answer,What are the best Berlin edtech communities or Stammtisch events for founders?,Jonas Reuter,champion,edtech,B2C,champion_matcher,EdTech Berlin Meetup runs quarterly and is the most focused gathering for the se,4.60
answer,What are the best Berlin edtech communities or Stammtisch events for founders?,Hana Okafor,mentor,edtech,B2C,mentor_matcher,The healthtech and edtech communities overlap more than you would expect in Berl,4.40
question,What are the best Berlin edtech communities or Stammtisch events for founders?,Piotr Nowak,founder,edtech,B2C,null,What are the best Berlin edtech communities or Stammtisch events for founders?,null
answer,How do I handle VAT as a SaaS company selling to both German and EU customers?,Marek Sliwinski,champion,fintech,B2B,champion_matcher,For B2B SaaS: sales to German businesses are subject to 19% VAT. Sales to EU bus,5.00
answer,How do I handle VAT as a SaaS company selling to both German and EU customers?,Tomas Berg,mentor,fintech,B2B,mentor_matcher,This tripped us up early. Get your VAT ID (Umsatzsteuer-ID) immediately after Gm,4.60
answer,How do I handle VAT as a SaaS company selling to both German and EU customers?,Hana Okafor,mentor,fintech,B2B,mentor_matcher,Your invoicing software matters here. We use Lexoffice which handles EU VAT rule,4.30
question,How do I handle VAT as a SaaS company selling to both German and EU customers?,Tim Leber,founder,fintech,B2B,null,How do I handle VAT as a SaaS company selling to both German and EU customers?,null
answer,We are raising a pre-seed round. Should we use a SAFE note or a convertible loan in Germany?,Dr. Lena Vogt,champion,fintech,B2B,champion_matcher,"In Germany, SAFEs are not yet as standardised as in the US. Most German investor",4.90
answer,We are raising a pre-seed round. Should we use a SAFE note or a convertible loan in Germany?,Priya Nandakumar,champion,fintech,B2B,champion_matcher,We used a convertible loan at pre-seed and it worked fine. Key terms to negotiat,4.70
answer,We are raising a pre-seed round. Should we use a SAFE note or a convertible loan in Germany?,Yara Demir,mentor,fintech,B2B,mentor_matcher,I raised on a convertible loan as a newcomer founder. One practical tip: make su,4.50
question,We are raising a pre-seed round. Should we use a SAFE note or a convertible loan in Germany?,Tim Leber,founder,fintech,B2B,null,We are raising a pre-seed round. Should we use a SAFE note or a convertible loan,null
answer,What are the best angel investors in Berlin for fintech startups?,Tomas Berg,mentor,fintech,B2B,mentor_matcher,I can intro you to two Berlin fintech angels who are actively writing €25–50k ch,4.90
answer,What are the best angel investors in Berlin for fintech startups?,Priya Nandakumar,champion,fintech,B2B,champion_matcher,Look at the FinLeap and Fintech Forum networks — many active angels come from th,4.80
answer,What are the best angel investors in Berlin for fintech startups?,Dr. Lena Vogt,champion,fintech,B2B,champion_matcher,Do not underestimate operator angels — people who have built and sold fintech co,4.40
question,What are the best angel investors in Berlin for fintech startups?,Tim Leber,founder,fintech,B2B,null,What are the best angel investors in Berlin for fintech startups?,null
answer,What should a cap table look like after a pre-seed round with two angels?,Dr. Lena Vogt,champion,fintech,B2B,champion_matcher,"A healthy pre-seed cap table with two angels: founders retain 80–85%, angels tak",4.90
answer,What should a cap table look like after a pre-seed round with two angels?,Dr. Lena Vogt,champion,fintech,B2B,champion_matcher,Model it in a spreadsheet before you close — simulate what Series A dilution loo,4.80
answer,What should a cap table look like after a pre-seed round with two angels?,Lukas Brandt,mentor,fintech,B2B,mentor_matcher,Use Ledgy or Carta to manage it from day one. Do not manage a cap table in a spr,4.50
question,What should a cap table look like after a pre-seed round with two angels?,Tim Leber,founder,fintech,B2B,null,What should a cap table look like after a pre-seed round with two angels?,null
answer,Has anyone here successfully applied for IBB Pro FIT or similar Investitionsbank Berlin grants? I am pre-seed in fintech and trying to understand whether it is worth the time versus just focusing on angel rounds.,Karin Wolff,champion,FinTech,B2B SaaS,champion_matcher,IBB Pro FIT is worth pursuing for a fintech pre-seed but you need to be realisti,4.90
answer,Has anyone here successfully applied for IBB Pro FIT or similar Investitionsbank Berlin grants? I am pre-seed in fintech and trying to understand whether it is worth the time versus just focusing on angel rounds.,David Osei,mentor,FinTech,B2B SaaS,mentor_matcher,"From a financial modelling perspective: IBB grants are powerful because they do ",4.70
answer,Has anyone here successfully applied for IBB Pro FIT or similar Investitionsbank Berlin grants? I am pre-seed in fintech and trying to understand whether it is worth the time versus just focusing on angel rounds.,Tomas Berg,mentor,FinTech,B2B SaaS,mentor_matcher,I went through IBB Pro FIT for my first startup. Karin and David are both right.,4.60
question,Has anyone here successfully applied for IBB Pro FIT or similar Investitionsbank Berlin grants? I am pre-seed in fintech and trying to understand whether it is worth the time versus just focusing on angel rounds.,Tim Leber,founder,FinTech,B2B SaaS,null,Has anyone here successfully applied for IBB Pro FIT or similar Investitionsbank,null
answer,We incorporated our GmbH three months ago but our Umsatzsteuer-ID from the Finanzamt is still pending. We are losing deals because we cannot issue proper invoices. Has anyone dealt with this in Berlin and found a way to speed it up?,Marek Sliwinski,champion,FinTech,B2B SaaS,champion_matcher,This is unfortunately very common with the Berlin Finanzämter — they are notorio,4.90
answer,We incorporated our GmbH three months ago but our Umsatzsteuer-ID from the Finanzamt is still pending. We are losing deals because we cannot issue proper invoices. Has anyone dealt with this in Berlin and found a way to speed it up?,Tobias Zimmermann,champion,FinTech,B2B SaaS,champion_matcher,"Marek is right about the ""beantragt"" workaround — use it immediately, do not wai",4.80
answer,We incorporated our GmbH three months ago but our Umsatzsteuer-ID from the Finanzamt is still pending. We are losing deals because we cannot issue proper invoices. Has anyone dealt with this in Berlin and found a way to speed it up?,Yuki Tanaka,mentor,FinTech,B2B SaaS,mentor_matcher,"From a legal standpoint, the ""USt-ID beantragt"" invoicing approach is solid and ",4.70
question,We incorporated our GmbH three months ago but our Umsatzsteuer-ID from the Finanzamt is still pending. We are losing deals because we cannot issue proper invoices. Has anyone dealt with this in Berlin and found a way to speed it up?,Kevin Baier,founder,FinTech,B2B SaaS,null,We incorporated our GmbH three months ago but our Umsatzsteuer-ID from the Finan,null
answer,We are a team of three and currently working from home. We want a co-working space in Berlin that has a proper startup community feel — not just a desk rental. Budget is tight. What do people actually recommend from experience?,Zara Okonkwo,champion,Future of Work,B2B SaaS,champion_matcher,Community feel is everything and most co-working spaces do not have it — they ar,4.90
answer,We are a team of three and currently working from home. We want a co-working space in Berlin that has a proper startup community feel — not just a desk rental. Budget is tight. What do people actually recommend from experience?,Erik Sandberg,mentor,Future of Work,B2B SaaS,mentor_matcher,"Having been in the Berlin ecosystem for 11 years, I have seen co-working spaces ",4.80
answer,We are a team of three and currently working from home. We want a co-working space in Berlin that has a proper startup community feel — not just a desk rental. Budget is tight. What do people actually recommend from experience?,Lukas Brandt,mentor,Future of Work,B2B SaaS,mentor_matcher,Practical take from someone who has built two companies in Berlin: do a two-week,4.60
question,We are a team of three and currently working from home. We want a co-working space in Berlin that has a proper startup community feel — not just a desk rental. Budget is tight. What do people actually recommend from experience?,Aïcha Coulibaly,founder,Future of Work,B2B SaaS,null,We are a team of three and currently working from home. We want a co-working spa,null
answer,We are applying to Startup Nation Central and need a Berlin-side reference. How do we find the right intro?,Priya Nandakumar,champion,future-of-work,B2B,champion_matcher,The Israeli-German startup corridor is active in Berlin — the Israeli Embassy ec,4.60
answer,We are applying to Startup Nation Central and need a Berlin-side reference. How do we find the right intro?,Erik Sandberg,mentor,future-of-work,B2B,mentor_matcher,LinkedIn is your best tool here. Search for Berlin-based founders or investors w,4.50
answer,We are applying to Startup Nation Central and need a Berlin-side reference. How do we find the right intro?,Erik Sandberg,mentor,future-of-work,B2B,mentor_matcher,"The German Accelerator has a Berlin office and strong Israeli connections. They ",4.40
question,We are applying to Startup Nation Central and need a Berlin-side reference. How do we find the right intro?,Miriam Goldberg,founder,future-of-work,B2B,null,"We are applying to Startup Nation Central and need a Berlin-side reference. How ",null
answer,We are hiring our first two employees and want to offer virtual shares (VSOPs). Which Berlin law firm handles this well?,Dr. Lena Vogt,champion,future-of-work,B2B,champion_matcher,"For VSOP documentation in Berlin: Orrick, Taylor Wessing, and SMP (Startup-Minde",4.90
answer,We are hiring our first two employees and want to offer virtual shares (VSOPs). Which Berlin law firm handles this well?,Lukas Brandt,mentor,future-of-work,B2B,mentor_matcher,"We used SMP for our VSOP setup. Straightforward process, clear documentation, an",4.80
answer,We are hiring our first two employees and want to offer virtual shares (VSOPs). Which Berlin law firm handles this well?,Dr. Lena Vogt,champion,future-of-work,B2B,champion_matcher,Make sure your VSOP plan includes a good leaver / bad leaver distinction and a c,4.60
question,We are hiring our first two employees and want to offer virtual shares (VSOPs). Which Berlin law firm handles this well?,Miriam Goldberg,founder,future-of-work,B2B,null,"We are hiring our first two employees and want to offer virtual shares (VSOPs). ",null
answer,What Berlin investor events are worth attending in the second half of the year for a future-of-work B2B startup?,Erik Sandberg,mentor,future-of-work,B2B,mentor_matcher,"The best investor conversations in Berlin happen at small dinners, not big confe",4.90
answer,What Berlin investor events are worth attending in the second half of the year for a future-of-work B2B startup?,Priya Nandakumar,champion,future-of-work,B2B,champion_matcher,"For H2 in Berlin: Bits & Pretzels (Munich but all Berlin VCs attend), Startup Ni",4.70
answer,What Berlin investor events are worth attending in the second half of the year for a future-of-work B2B startup?,Erik Sandberg,mentor,future-of-work,B2B,mentor_matcher,Tech Open Air (TOA) satellite events in the second half of the year are underrat,4.60
question,What Berlin investor events are worth attending in the second half of the year for a future-of-work B2B startup?,Miriam Goldberg,founder,future-of-work,B2B,null,What Berlin investor events are worth attending in the second half of the year f,null
answer,What does a typical ESOP pool look like for a Berlin GmbH at pre-seed and how is it structured legally?,Dr. Lena Vogt,champion,future-of-work,B2B,champion_matcher,Standard pre-seed ESOP pool for a Berlin GmbH: 10% of shares reserved as virtual,5.00
answer,What does a typical ESOP pool look like for a Berlin GmbH at pre-seed and how is it structured legally?,Dr. Lena Vogt,champion,future-of-work,B2B,champion_matcher,"From a tax perspective: VSOPs are taxed as income at exercise (not grant), which",4.90
answer,What does a typical ESOP pool look like for a Berlin GmbH at pre-seed and how is it structured legally?,Dr. Lena Vogt,champion,future-of-work,B2B,champion_matcher,"We used a 10% VSOP pool at pre-seed, expanded to 15% before Series A. Investors ",4.70
question,What does a typical ESOP pool look like for a Berlin GmbH at pre-seed and how is it structured legally?,Miriam Goldberg,founder,future-of-work,B2B,null,What does a typical ESOP pool look like for a Berlin GmbH at pre-seed and how is,null
answer,How do we find our first B2C customers in Berlin without a marketing budget?,Sofia Almeida,champion,healthtech,B2C,champion_matcher,"Berlin is a great test market. Start with your immediate network, then expand vi",4.70
answer,How do we find our first B2C customers in Berlin without a marketing budget?,Hana Okafor,mentor,healthtech,B2C,mentor_matcher,We posted in Berlin expat Facebook groups and got our first 50 users that way. A,4.60
answer,How do we find our first B2C customers in Berlin without a marketing budget?,Erik Sandberg,mentor,healthtech,B2C,mentor_matcher,Talk to 20 potential customers before building anything else. Berlin has a cultu,4.40
question,How do we find our first B2C customers in Berlin without a marketing budget?,Amara Diallo,founder,healthtech,B2C,null,How do we find our first B2C customers in Berlin without a marketing budget?,null
answer,I am on a non-EU visa. Can I be a GmbH co-founder and geschäftsführer at the same time?,Yara Demir,mentor,healthtech,B2C,mentor_matcher,"I went through this exact process. Key tip: have your business plan, proof of fu",5.00
answer,I am on a non-EU visa. Can I be a GmbH co-founder and geschäftsführer at the same time?,Dr. Lena Vogt,champion,healthtech,B2C,champion_matcher,"Yes, you can be both shareholder and Geschäftsführer of a GmbH on a non-EU visa,",4.90
answer,I am on a non-EU visa. Can I be a GmbH co-founder and geschäftsführer at the same time?,Dr. Lena Vogt,champion,healthtech,B2C,champion_matcher,"Also talk to a Rechtsanwalt specialising in immigration before your appointment ",4.60
question,I am on a non-EU visa. Can I be a GmbH co-founder and geschäftsführer at the same time?,Amara Diallo,founder,healthtech,B2C,null,I am on a non-EU visa. Can I be a GmbH co-founder and geschäftsführer at the sam,null
answer,What Berlin accelerators are worth applying to for a healthtech pre-seed startup?,Hana Okafor,mentor,healthtech,B2C,mentor_matcher,"We went through Flying Health. The clinical network access was the main value — ",4.90
answer,What Berlin accelerators are worth applying to for a healthtech pre-seed startup?,Priya Nandakumar,champion,healthtech,B2C,champion_matcher,"For healthtech pre-seed: Flying Health (Berlin-based, healthtech specialist), Ch",4.80
answer,What Berlin accelerators are worth applying to for a healthtech pre-seed startup?,Dr. Lena Vogt,champion,healthtech,B2C,champion_matcher,Also look at grants before accelerators — Exist Gründerstipendium and Invest (BA,4.50
question,What Berlin accelerators are worth applying to for a healthtech pre-seed startup?,Amara Diallo,founder,healthtech,B2C,null,What Berlin accelerators are worth applying to for a healthtech pre-seed startup,null
answer,What grants are available for healthtech startups in Berlin?,Marek Sliwinski,champion,healthtech,B2C,champion_matcher,"Key ones: Exist Gründerstipendium (up to €150k, non-dilutive, needs university c",4.90
answer,What grants are available for healthtech startups in Berlin?,Hana Okafor,mentor,healthtech,B2C,mentor_matcher,We got Exist and it funded our first year. The application is time-consuming but,4.80
answer,What grants are available for healthtech startups in Berlin?,Marek Sliwinski,champion,healthtech,B2C,champion_matcher,"From a tax perspective: grants are taxable income in Germany but you can offset ",4.40
question,What grants are available for healthtech startups in Berlin?,Amara Diallo,founder,healthtech,B2C,null,What grants are available for healthtech startups in Berlin?,null
answer,How do I vet a technical co-founder before giving away equity?,Jonas Reuter,champion,marketplace,B2B,champion_matcher,Run a paid trial project together for 4–6 weeks before discussing equity. Evalua,4.90
answer,How do I vet a technical co-founder before giving away equity?,Erik Sandberg,mentor,marketplace,B2B,mentor_matcher,The trial project is the only real filter. Also assess culture fit — you will sp,4.70
answer,How do I vet a technical co-founder before giving away equity?,Erik Sandberg,mentor,marketplace,B2B,mentor_matcher,"Talk to people they have worked with before — not references they give you, but ",4.60
question,How do I vet a technical co-founder before giving away equity?,Jonas Fuchs,founder,marketplace,B2B,null,How do I vet a technical co-founder before giving away equity?,null
answer,We need to hire our first engineer. Should we hire a contractor or a full-time employee in Germany?,Marek Sliwinski,champion,marketplace,B2B,champion_matcher,"In Germany, the risk of Scheinselbständigkeit (false self-employment) is real — ",4.90
answer,We need to hire our first engineer. Should we hire a contractor or a full-time employee in Germany?,Lukas Brandt,mentor,marketplace,B2B,mentor_matcher,We hired contractors first and had to convert two of them later — painful and ex,4.80
answer,We need to hire our first engineer. Should we hire a contractor or a full-time employee in Germany?,Marek Sliwinski,champion,marketplace,B2B,champion_matcher,"If you do go the contractor route short-term, have your Steuerberater review the",4.50
question,We need to hire our first engineer. Should we hire a contractor or a full-time employee in Germany?,Jonas Fuchs,founder,marketplace,B2B,null,We need to hire our first engineer. Should we hire a contractor or a full-time e,null
answer,What is a fair equity split between two co-founders at pre-seed?,Lukas Brandt,mentor,marketplace,B2B,mentor_matcher,The split matters less than the vesting terms and the co-founder agreement. I ha,4.90
answer,What is a fair equity split between two co-founders at pre-seed?,Dr. Lena Vogt,champion,marketplace,B2B,champion_matcher,50/50 is the simplest and often the best for equal co-founders — it signals trus,4.80
answer,What is a fair equity split between two co-founders at pre-seed?,Dr. Lena Vogt,champion,marketplace,B2B,champion_matcher,Investors prefer equal or near-equal splits at pre-seed — big imbalances (e.g. 7,4.70
question,What is a fair equity split between two co-founders at pre-seed?,Jonas Fuchs,founder,marketplace,B2B,null,What is a fair equity split between two co-founders at pre-seed?,null
answer,Which coworking spaces in Berlin are best for early-stage B2B startups?,Lukas Brandt,mentor,marketplace,B2B,mentor_matcher,"Factory Berlin is where deals get done. The hallway conversations are worth the ",4.80
answer,Which coworking spaces in Berlin are best for early-stage B2B startups?,Lukas Brandt,mentor,marketplace,B2B,mentor_matcher,For B2B startups: Factory Berlin (Mitte and Görlitzer Park) has the strongest st,4.70
answer,Which coworking spaces in Berlin are best for early-stage B2B startups?,Marek Sliwinski,champion,marketplace,B2B,champion_matcher,Also consider startup-specific offices in your industry vertical — some healthte,4.30
question,Which coworking spaces in Berlin are best for early-stage B2B startups?,Jonas Fuchs,founder,marketplace,B2B,null,Which coworking spaces in Berlin are best for early-stage B2B startups?,null
answer,Are there good hardware-friendly maker spaces or labs in Berlin for mobility startups doing prototype testing?,Erik Sandberg,mentor,mobility,B2B,mentor_matcher,EUREF Campus has dedicated lab and workshop space for mobility and energy hardwa,4.90
answer,Are there good hardware-friendly maker spaces or labs in Berlin for mobility startups doing prototype testing?,Jonas Reuter,champion,mobility,B2B,champion_matcher,Best options for hardware prototyping in Berlin: Fab Lab Berlin in Prenzlauer Be,4.80
answer,Are there good hardware-friendly maker spaces or labs in Berlin for mobility startups doing prototype testing?,Hana Okafor,mentor,mobility,B2B,mentor_matcher,We used Fab Lab Berlin for early prototyping. The community is helpful and the e,4.60
question,Are there good hardware-friendly maker spaces or labs in Berlin for mobility startups doing prototype testing?,Kwame Asante,founder,mobility,B2B,null,Are there good hardware-friendly maker spaces or labs in Berlin for mobility sta,null
answer,We need to register a company vehicle in Berlin for our hardware prototype. What is the fastest way to do this as a GmbH?,Dr. Lena Vogt,champion,mobility,B2B,champion_matcher,"From a tax perspective: a GmbH company vehicle is fully deductible but triggers ",4.80
answer,We need to register a company vehicle in Berlin for our hardware prototype. What is the fastest way to do this as a GmbH?,Dr. Lena Vogt,champion,mobility,B2B,champion_matcher,Register at the Kfz-Zulassungsstelle Berlin — there are locations in Tempelhof a,4.70
answer,We need to register a company vehicle in Berlin for our hardware prototype. What is the fastest way to do this as a GmbH?,Tomas Berg,mentor,mobility,B2B,mentor_matcher,We registered two vehicles for our GmbH. The Tempelhof Zulassungsstelle is faste,4.50
question,We need to register a company vehicle in Berlin for our hardware prototype. What is the fastest way to do this as a GmbH?,Kwame Asante,founder,mobility,B2B,null,We need to register a company vehicle in Berlin for our hardware prototype. What,null
answer,"What Berlin networking events bring together mobility founders, corporates like BVG or Siemens, and investors in the same room?",Erik Sandberg,mentor,mobility,B2B,mentor_matcher,"The BVG Innovation Night (quarterly, Berlin) consistently brings together BVG pr",4.80
answer,"What Berlin networking events bring together mobility founders, corporates like BVG or Siemens, and investors in the same room?",Erik Sandberg,mentor,mobility,B2B,mentor_matcher,The EUREF Campus open days are underrated for this. They happen 3–4 times a year,4.70
answer,"What Berlin networking events bring together mobility founders, corporates like BVG or Siemens, and investors in the same room?",Marek Sliwinski,champion,mobility,B2B,champion_matcher,"For warm introductions to BVG and Siemens specifically, the Urban Innovation Hub",4.60
question,"What Berlin networking events bring together mobility founders, corporates like BVG or Siemens, and investors in the same room?",Kwame Asante,founder,mobility,B2B,null,"What Berlin networking events bring together mobility founders, corporates like ",null
answer,Which Berlin mobility or smart city accelerators are worth applying to for a Seed-stage startup?,Erik Sandberg,mentor,mobility,B2B,mentor_matcher,The EUREF Campus in Schöneberg is the physical hub of Berlin mobility innovation,4.90
answer,Which Berlin mobility or smart city accelerators are worth applying to for a Seed-stage startup?,Marek Sliwinski,champion,mobility,B2B,champion_matcher,Strongly recommend: Urban Innovation Hub Berlin (run in partnership with the Sen,4.80
answer,Which Berlin mobility or smart city accelerators are worth applying to for a Seed-stage startup?,Erik Sandberg,mentor,mobility,B2B,mentor_matcher,Also look at Techstars Berlin — they run a mobility-adjacent cohort and have str,4.50
question,Which Berlin mobility or smart city accelerators are worth applying to for a Seed-stage startup?,Kwame Asante,founder,mobility,B2B,null,Which Berlin mobility or smart city accelerators are worth applying to for a See,null
answer,"I am building a property management SaaS targeting mid-size German landlords. In Berlin, the obvious early targets are the large Wohnungsgesellschaften like Degewo or Gewobag. Has anyone cracked enterprise sales into these organisations and can share how procurement actually works there?",Armin Schäfer,champion,proptech,B2B SaaS,champion_matcher,Degewo and Gewobag are both semi-public entities and their procurement follows p,4.90
answer,"I am building a property management SaaS targeting mid-size German landlords. In Berlin, the obvious early targets are the large Wohnungsgesellschaften like Degewo or Gewobag. Has anyone cracked enterprise sales into these organisations and can share how procurement actually works there?",Hana Novotná,mentor,proptech,B2B SaaS,mentor_matcher,"Having structured enterprise pilots for large semi-public organisations before, ",4.80
answer,"I am building a property management SaaS targeting mid-size German landlords. In Berlin, the obvious early targets are the large Wohnungsgesellschaften like Degewo or Gewobag. Has anyone cracked enterprise sales into these organisations and can share how procurement actually works there?",Erik Sandberg,mentor,proptech,B2B SaaS,mentor_matcher,Armin's point about the pilot framing is exactly right. I would add: the digital,4.70
question,"I am building a property management SaaS targeting mid-size German landlords. In Berlin, the obvious early targets are the large Wohnungsgesellschaften like Degewo or Gewobag. Has anyone cracked enterprise sales into these organisations and can share how procurement actually works there?",Florian Kemper,founder,proptech,B2B SaaS,null,I am building a property management SaaS targeting mid-size German landlords. In,null
answer,Is the Berlin Senat startup support program Projekt Zukunft worth engaging with at pre-seed?,Erik Sandberg,mentor,proptech,B2B,mentor_matcher,I engaged with them for a mobility pilot with BVG. The Senate connection was gen,4.70
answer,Is the Berlin Senat startup support program Projekt Zukunft worth engaging with at pre-seed?,Priya Nandakumar,champion,proptech,B2B,champion_matcher,Projekt Zukunft is useful primarily for networking and visibility — they run eve,4.50
answer,Is the Berlin Senat startup support program Projekt Zukunft worth engaging with at pre-seed?,Lukas Brandt,mentor,proptech,B2B,mentor_matcher,"At pure pre-seed with no product, the ROI of your time engaging with Projekt Zuk",4.40
question,Is the Berlin Senat startup support program Projekt Zukunft worth engaging with at pre-seed?,Florian Kemper,founder,proptech,B2B,null,"Is the Berlin Senat startup support program Projekt Zukunft worth engaging with ",null
answer,We are based in Neukölln and looking for a Steuerberater who understands startup equity and ESOP. Any recommendations in Berlin?,Dr. Lena Vogt,champion,proptech,B2B,champion_matcher,"For ESOP and VSOP structuring specifically, I recommend Acconsis Berlin or WTS A",4.90
answer,We are based in Neukölln and looking for a Steuerberater who understands startup equity and ESOP. Any recommendations in Berlin?,Yara Demir,mentor,proptech,B2B,mentor_matcher,"We use a Steuerberater from Mitte even though we are in Kreuzberg — it makes no ",4.70
answer,We are based in Neukölln and looking for a Steuerberater who understands startup equity and ESOP. Any recommendations in Berlin?,Dr. Lena Vogt,champion,proptech,B2B,champion_matcher,Heuking and Linklaters have startup teams in Berlin that handle the legal side o,4.40
question,We are based in Neukölln and looking for a Steuerberater who understands startup equity and ESOP. Any recommendations in Berlin?,Florian Kemper,founder,proptech,B2B,null,We are based in Neukölln and looking for a Steuerberater who understands startup,null
answer,What is the process for applying to the IBB Gründungskredit in Berlin and how long does it take?,Priya Nandakumar,champion,proptech,B2B,champion_matcher,"The IBB Gründungskredit goes through your Hausbank, not directly through IBB. Yo",4.90
answer,What is the process for applying to the IBB Gründungskredit in Berlin and how long does it take?,Tomas Berg,mentor,proptech,B2B,mentor_matcher,"We went through Sparkasse Berlin. The relationship manager matters enormously — ",4.80
answer,What is the process for applying to the IBB Gründungskredit in Berlin and how long does it take?,Dr. Lena Vogt,champion,proptech,B2B,champion_matcher,"From a financial structuring perspective: the IBB loan counts as debt, not equit",4.60
question,What is the process for applying to the IBB Gründungskredit in Berlin and how long does it take?,Florian Kemper,founder,proptech,B2B,null,What is the process for applying to the IBB Gründungskredit in Berlin and how lo,null
answer,Which Berlin notary has the shortest waiting times for GmbH formation right now?,Dr. Lena Vogt,champion,proptech,B2B,champion_matcher,Notariat Mitte on Französische Strasse and Notar Tobias Reuter in Charlottenburg,4.80
answer,Which Berlin notary has the shortest waiting times for GmbH formation right now?,Tomas Berg,mentor,proptech,B2B,mentor_matcher,We got an appointment at Notariat Schöneberg within 5 days by calling first thin,4.60
answer,Which Berlin notary has the shortest waiting times for GmbH formation right now?,Dr. Lena Vogt,champion,proptech,B2B,champion_matcher,Some Berlin startup lawyers have standing relationships with notaries and can ge,4.30
question,Which Berlin notary has the shortest waiting times for GmbH formation right now?,Florian Kemper,founder,proptech,B2B,null,Which Berlin notary has the shortest waiting times for GmbH formation right now?,null
answer,How do I set up payroll for my first two employees in Germany?,Marek Sliwinski,champion,saas,B2B SaaS,champion_matcher,You need to register with the Finanzamt for payroll tax (Lohnsteuer) and with th,4.70
answer,How do I set up payroll for my first two employees in Germany?,Tomas Berg,mentor,saas,B2B SaaS,mentor_matcher,Do not forget the Berufsgenossenschaft registration — it is mandatory accident i,4.60
answer,How do I set up payroll for my first two employees in Germany?,Hana Okafor,mentor,saas,B2B SaaS,mentor_matcher,We used Personio for HR and our Steuerberater handled the actual payroll runs. F,4.40
question,How do I set up payroll for my first two employees in Germany?,Maya Chen,founder,saas,B2B SaaS,null,How do I set up payroll for my first two employees in Germany?,null
answer,"We are at 18 paying customers at around €8K ACV. Every enterprise prospect wants a custom quote. At what point does it make sense to move to transparent, tiered pricing on the website, and how do you manage the existing customer base when you do?",Oluwaseun Adeyemi,mentor,saas,Enterprise SaaS,mentor_matcher,"From a sales process perspective: the custom-quote model is actually giving you ",4.90
answer,"We are at 18 paying customers at around €8K ACV. Every enterprise prospect wants a custom quote. At what point does it make sense to move to transparent, tiered pricing on the website, and how do you manage the existing customer base when you do?",Jonas Breitner,mentor,saas,Enterprise SaaS,mentor_matcher,The trigger for moving to transparent pricing is usually when the custom-quote p,4.80
question,"We are at 18 paying customers at around €8K ACV. Every enterprise prospect wants a custom quote. At what point does it make sense to move to transparent, tiered pricing on the website, and how do you manage the existing customer base when you do?",Nikolai Petrov,founder,saas,Enterprise SaaS,null,We are at 18 paying customers at around €8K ACV. Every enterprise prospect wants,null
answer,"We are building a B2B AI SaaS where LLM inference is core to the product. As we scale from pilot to production, token costs and latency are starting to hurt. How have other AI founders managed the build-vs-optimise tradeoff here — do you fine-tune, cache aggressively, switch models, or something else?",Nadja Becker,mentor,saas,B2B SaaS,mentor_matcher,This is the core infrastructure question for every AI SaaS company right now. Th,4.90
answer,"We are building a B2B AI SaaS where LLM inference is core to the product. As we scale from pilot to production, token costs and latency are starting to hurt. How have other AI founders managed the build-vs-optimise tradeoff here — do you fine-tune, cache aggressively, switch models, or something else?",Ben Ostrowski,champion,saas,B2B SaaS,champion_matcher,"Nadja's layered approach is exactly the right framework. Adding the engineering ",4.80
question,"We are building a B2B AI SaaS where LLM inference is core to the product. As we scale from pilot to production, token costs and latency are starting to hurt. How have other AI founders managed the build-vs-optimise tradeoff here — do you fine-tune, cache aggressively, switch models, or something else?",Maya Chen,founder,saas,B2B SaaS,null,"We are building a B2B AI SaaS where LLM inference is core to the product. As we ",null
answer,We are pre-seed and got our first term sheet. What should I watch out for before signing?,Dr. Lena Vogt,champion,saas,B2B SaaS,champion_matcher,"At pre-seed the term sheet should be simple. If it is longer than 5 pages, ask w",4.90
answer,We are pre-seed and got our first term sheet. What should I watch out for before signing?,Dr. Lena Vogt,champion,saas,B2B SaaS,champion_matcher,Key things to scrutinise: liquidation preferences (1x non-participating is stand,4.80
answer,We are pre-seed and got our first term sheet. What should I watch out for before signing?,Lukas Brandt,mentor,saas,B2B SaaS,mentor_matcher,I have signed two term sheets. My biggest lesson: do not rush. Investors who pre,4.60
question,We are pre-seed and got our first term sheet. What should I watch out for before signing?,Maya Chen,founder,saas,B2B SaaS,null,We are pre-seed and got our first term sheet. What should I watch out for before,null
answer,What is the fastest way to form a GmbH in Berlin as a non-German founder?,Dr. Lena Vogt,champion,saas,B2B SaaS,champion_matcher,The fastest route is using a notary-certified Musterprotokoll (standard template,4.90
answer,What is the fastest way to form a GmbH in Berlin as a non-German founder?,Tomas Berg,mentor,saas,B2B SaaS,mentor_matcher,We used a Musterprotokoll and it took us about 3 weeks end to end. The bottlenec,4.70
answer,What is the fastest way to form a GmbH in Berlin as a non-German founder?,Lukas Brandt,mentor,saas,B2B SaaS,mentor_matcher,"If speed is critical, some founders operate as a GbR or UG first and convert lat",4.20
question,What is the fastest way to form a GmbH in Berlin as a non-German founder?,Maya Chen,founder,saas,B2B SaaS,null,What is the fastest way to form a GmbH in Berlin as a non-German founder?,null
answer,Which tax advisor in Berlin is good for VC-backed startups and handles DATEV?,Marek Sliwinski,champion,saas,B2B SaaS,champion_matcher,"I recommend TaxPilot and Acconsis — both handle DATEV, payroll, and investor rep",5.00
answer,Which tax advisor in Berlin is good for VC-backed startups and handles DATEV?,Tomas Berg,mentor,saas,B2B SaaS,mentor_matcher,"We use Awicontax. Very startup-friendly, responsive on Slack, and they handle ev",4.80
answer,Which tax advisor in Berlin is good for VC-backed startups and handles DATEV?,Tomas Berg,mentor,saas,B2B SaaS,mentor_matcher,"Also check out Founders Bay and Voldtax — both have strong startup practices in ",4.30
question,Which tax advisor in Berlin is good for VC-backed startups and handles DATEV?,Maya Chen,founder,saas,B2B SaaS,null,Which tax advisor in Berlin is good for VC-backed startups and handles DATEV?,null